latitude_deg,longitude_deg,part_index
8.41309832,104.86148709,1
8.44003171,104.83930187,1
8.41110318,104.81963769,1
8.41309832,104.86148709,1
NaN,NaN,NaN
8.87740194,104.57291783,2
8.88218434,104.56969089,2
8.88059022,104.55710582,2
8.87740194,104.57291783,2
NaN,NaN,NaN
8.94275596,104.53387184,3
8.95741916,104.52451371,3
8.94721874,104.52064138,3
8.94275596,104.53387184,3
NaN,NaN,NaN
9.25106721,103.47382149,4
9.33014747,103.53743097,4
9.30589537,103.45461474,4
9.25106721,103.47382149,4
NaN,NaN,NaN
9.37697829,103.63549127,5
9.37411283,103.62742392,5
9.36742669,103.62710122,5
9.37697829,103.63549127,5
NaN,NaN,NaN
9.64113400,104.40608495,6
9.69171389,104.39285449,6
9.70348297,104.34412767,6
9.64113400,104.40608495,6
NaN,NaN,NaN
9.80668951,104.65720555,7
9.81645768,104.62478124,7
9.79753159,104.62168338,7
9.80668951,104.65720555,7
NaN,NaN,NaN
9.81542746,104.04466748,8
9.82369459,104.04918520,8
9.81987901,104.03401857,8
9.81542746,104.04466748,8
NaN,NaN,NaN
9.84372563,104.09049005,9
9.85008443,104.09081274,9
9.84181796,104.08403617,9
9.84372563,104.09049005,9
NaN,NaN,NaN
9.96487834,104.49785785,10
9.96696123,104.49691793,10
9.96510977,104.49080849,10
9.96487834,104.49785785,10
NaN,NaN,NaN
9.95339781,104.84430363,11
9.97214966,104.85785678,11
9.96992492,104.83204125,11
9.95339781,104.84430363,11
NaN,NaN,NaN
10.01486421,104.46002627,12
10.01833516,104.46026125,12
10.01926074,104.45791147,12
10.01486421,104.46002627,12
NaN,NaN,NaN
10.02490332,104.55839659,13
10.03316517,104.54807038,13
10.01568794,104.54516613,13
10.02490332,104.55839659,13
NaN,NaN,NaN
10.10020541,104.51547827,14
10.14531468,104.53548531,14
10.16818456,104.51031516,14
10.10020541,104.51547827,14
NaN,NaN,NaN
10.20857131,104.22598288,15
10.20979084,104.22164587,15
10.20430293,104.22123282,15
10.20857131,104.22598288,15
NaN,NaN,NaN
10.24800030,104.51635600,16
10.25023582,104.51346466,16
10.25023582,104.51160594,16
10.24800030,104.51635600,16
NaN,NaN,NaN
10.25615478,104.30443628,17
10.29330455,104.34477305,17
10.29774953,104.31476250,17
10.25615478,104.30443628,17
NaN,NaN,NaN
10.35806803,104.31605327,18
10.36346438,104.31637597,18
10.35965520,104.30540437,18
10.35806803,104.31605327,18
NaN,NaN,NaN
10.37443536,104.05878535,19
10.37013034,103.81200498,19
9.90788433,103.99222967,19
10.37443536,104.05878535,19
NaN,NaN,NaN
10.40155365,104.33702839,20
10.44979338,104.32153907,20
10.41266214,104.32024830,20
10.40155365,104.33702839,20
NaN,NaN,NaN
10.50153193,108.96915697,21
10.53871200,108.95655173,21
10.52477000,108.93843170,21
10.50153193,108.96915697,21
NaN,NaN,NaN
11.22343678,108.82989931,22
11.23356534,108.82796315,22
11.22501939,108.82021849,22
11.22343678,108.82989931,22
NaN,NaN,NaN
12.00227273,109.32555755,23
12.00637601,109.32523486,23
12.00700728,109.32071714,23
12.00227273,109.32555755,23
NaN,NaN,NaN
12.04298719,109.32942989,24
12.05056129,109.32717103,24
12.03446607,109.32136253,24
12.04298719,109.32942989,24
NaN,NaN,NaN
12.16841197,109.31184951,25
12.17164209,109.29801238,25
12.16255726,109.30172982,25
12.16841197,109.31184951,25
NaN,NaN,NaN
12.17083456,109.25195747,26
12.17870786,109.24101168,26
12.17366090,109.23873992,26
12.17083456,109.25195747,26
NaN,NaN,NaN
12.19001269,109.34633906,27
12.19344442,109.34592601,27
12.19122389,109.34200205,27
12.19001269,109.34633906,27
NaN,NaN,NaN
12.22473166,109.30462116,28
12.21423571,109.23915296,28
12.19142576,109.31701261,28
12.22473166,109.30462116,28
NaN,NaN,NaN
12.27316912,109.36575234,29
12.27639796,109.35728485,29
12.26933481,109.35687180,29
12.27316912,109.36575234,29
NaN,NaN,NaN
12.28305734,109.37380679,30
12.28870758,109.37070892,30
12.27861777,109.36885020,30
12.28305734,109.37380679,30
NaN,NaN,NaN
12.35811495,109.37835032,31
12.36416705,109.37607855,31
12.36134276,109.37174154,31
12.35811495,109.37835032,31
NaN,NaN,NaN
12.48509882,109.35912704,32
12.49142218,109.34617384,32
12.48238875,109.35198956,32
12.48509882,109.35912704,32
NaN,NaN,NaN
12.63031967,109.34592601,33
12.61318933,109.30833859,33
12.55715505,109.40292671,33
12.63031967,109.34592601,33
NaN,NaN,NaN
12.68009189,109.26083801,34
12.68210676,109.25835972,34
12.67706956,109.25815320,34
12.68009189,109.26083801,34
NaN,NaN,NaN
12.69741921,109.28706659,35
12.72501960,109.31536042,35
12.71857306,109.29470799,35
12.69741921,109.28706659,35
NaN,NaN,NaN
12.82651801,109.39329177,36
12.83245660,109.39608332,36
12.83022965,109.39269963,36
12.82651801,109.39329177,36
NaN,NaN,NaN
13.28451818,109.33963849,37
13.29237930,109.33119395,37
13.28559016,109.32678810,37
13.28451818,109.33963849,37
NaN,NaN,NaN
13.60583445,109.36578986,38
13.62381219,109.35135277,38
13.61533505,109.34924736,38
13.60583445,109.36578986,38
NaN,NaN,NaN
13.68126773,109.25862429,39
13.68461933,109.25714593,39
13.68186623,109.25394282,39
13.68126773,109.25862429,39
NaN,NaN,NaN
14.13873229,109.29616097,40
14.14369048,109.29601058,40
14.14164889,109.29029590,40
14.13873229,109.29616097,40
NaN,NaN,NaN
14.24778747,109.21435078,41
14.25463811,109.21420039,41
14.25390933,109.20893687,41
14.24778747,109.21435078,41
NaN,NaN,NaN
14.36072356,109.18728123,42
14.36349160,109.18848432,42
14.36174336,109.18382234,42
14.36072356,109.18728123,42
NaN,NaN,NaN
15.37147848,109.13072772,43
15.39448852,109.13109488,43
15.38316082,109.09878530,43
15.37147848,109.13072772,43
NaN,NaN,NaN
15.42776009,109.08703637,44
15.43129930,109.08777068,44
15.42634438,109.07602174,44
15.42776009,109.08703637,44
NaN,NaN,NaN
15.80915827,108.69831180,45
15.81688583,108.70232755,45
15.81357406,108.68855927,45
15.80915827,108.69831180,45
NaN,NaN,NaN
15.90128857,108.53714210,46
15.91032786,108.54301656,46
15.91303957,108.53361742,46
15.90128857,108.53714210,46
NaN,NaN,NaN
15.93518381,108.48192210,47
15.94670689,108.48897146,47
15.94263999,108.47769248,47
15.93518381,108.48192210,47
NaN,NaN,NaN
15.97020287,108.42411733,48
15.97449511,108.42364737,48
15.97133242,108.41894780,48
15.97020287,108.42411733,48
NaN,NaN,NaN
15.97201014,108.45818925,49
15.97969086,108.44996499,49
15.97088060,108.44573537,49
15.97201014,108.45818925,49
NaN,NaN,NaN
15.92275622,108.53996184,50
15.97562463,108.51787384,50
15.96139220,108.49649078,50
15.92275622,108.53996184,50
NaN,NaN,NaN
16.21290784,108.21146159,51
16.22193299,108.21146159,51
16.22193299,108.20253240,51
16.21290784,108.21146159,51
NaN,NaN,NaN
17.15415420,107.34488943,52
17.16397694,107.33791350,52
17.15696075,107.33203903,52
17.15415420,107.34488943,52
NaN,NaN,NaN
17.93440265,106.53326235,53
17.93769344,106.53536776,53
17.93740729,106.52980346,53
17.93440265,106.53326235,53
NaN,NaN,NaN
18.10394140,106.46580465,54
18.10595150,106.45922525,54
18.10081452,106.45476065,54
18.10394140,106.46580465,54
NaN,NaN,NaN
18.11667165,106.49235725,55
18.11868161,106.48977248,55
18.11577833,106.48789265,55
18.11667165,106.49235725,55
NaN,NaN,NaN
18.32221073,106.16912879,56
18.32412944,106.16701135,56
18.32029199,106.16653011,56
18.32221073,106.16912879,56
NaN,NaN,NaN
18.75061352,105.85231280,57
18.77524777,105.84584619,57
18.76869797,105.83501837,57
18.75061352,105.85231280,57
NaN,NaN,NaN
18.79945132,105.78012734,58
18.80856235,105.77787155,58
18.80742350,105.77080339,58
18.79945132,105.78012734,58
NaN,NaN,NaN
18.80158676,105.96901264,59
18.81126709,105.96119255,59
18.80955884,105.95352284,59
18.80158676,105.96901264,59
NaN,NaN,NaN
18.85411007,105.76102827,60
18.85980266,105.76478793,60
18.85894879,105.75952441,60
18.85411007,105.76102827,60
NaN,NaN,NaN
19.34990614,105.93686755,61
19.35434019,105.93616261,61
19.34924102,105.92840831,61
19.34990614,105.93686755,61
NaN,NaN,NaN
19.32972970,105.91360465,62
19.35766564,105.89198661,62
19.35167977,105.88681708,62
19.32972970,105.91360465,62
NaN,NaN,NaN
19.36542478,105.93263793,63
19.38249358,105.93545768,63
19.37540027,105.91524951,63
19.36542478,105.93263793,63
NaN,NaN,NaN
19.90389551,106.02177420,64
19.90633894,106.02138921,64
19.90480049,106.01811680,64
19.90389551,106.02177420,64
NaN,NaN,NaN
20.12467106,107.73633461,65
20.15996825,107.74949342,65
20.14320308,107.72106099,65
20.12467106,107.73633461,65
NaN,NaN,NaN
20.60930388,107.21515180,66
20.61436243,107.20622261,66
20.60776428,107.20481274,66
20.60930388,107.21515180,66
NaN,NaN,NaN
20.61040357,107.14888780,67
20.62535870,107.16087172,67
20.63349542,107.13643393,67
20.61040357,107.14888780,67
NaN,NaN,NaN
20.70423362,107.47412773,68
20.72483878,107.48330658,68
20.72174818,107.46825326,68
20.70423362,107.47412773,68
NaN,NaN,NaN
20.75162129,107.40216549,69
20.75608459,107.39775964,69
20.74544113,107.39078371,69
20.75162129,107.40216549,69
NaN,NaN,NaN
20.75127796,107.50166430,70
20.76432416,107.50166430,70
20.75471128,107.49101682,70
20.75127796,107.50166430,70
NaN,NaN,NaN
20.77119013,107.42382759,71
20.79899412,107.41501589,71
20.78183177,107.39702533,71
20.77119013,107.42382759,71
NaN,NaN,NaN
20.80654494,107.38270632,72
20.84257772,107.35553690,72
20.81615452,107.34048358,72
20.80654494,107.38270632,72
NaN,NaN,NaN
20.85477886,106.98769240,73
20.82513206,106.91343912,73
20.72099270,107.05701112,73
20.85477886,106.98769240,73
NaN,NaN,NaN
20.81958637,107.49321975,74
20.91976175,107.56261190,74
20.90707199,107.52442786,74
20.81958637,107.49321975,74
NaN,NaN,NaN
20.87208385,107.33460911,75
20.96502456,107.41832028,75
20.93999455,107.33240618,75
20.87208385,107.33460911,75
NaN,NaN,NaN
20.89300911,107.40143118,76
20.99073597,107.48954821,76
20.96571026,107.42566336,76
20.89300911,107.40143118,76
NaN,NaN,NaN
20.99244991,107.84348491,77
20.99107876,107.79318477,77
20.97805223,107.75389927,77
20.99244991,107.84348491,77
NaN,NaN,NaN
20.88820685,107.47559634,78
21.04351619,107.54572281,78
20.94719539,107.47633065,78
20.88820685,107.47559634,78
NaN,NaN,NaN
20.98148038,107.57693092,79
21.09970313,107.62796536,79
21.07538090,107.59235140,79
20.98148038,107.57693092,79
NaN,NaN,NaN
21.10073074,107.82439289,80
21.11100647,107.81778411,80
21.12230895,107.79795778,80
21.10073074,107.82439289,80
NaN,NaN,NaN
21.03538788,107.50323572,81
21.11760996,107.58477333,81
21.10292296,107.54106729,81
21.03538788,107.50323572,81
NaN,NaN,NaN
21.13121333,107.86992001,82
21.15689604,107.86698278,82
21.14354159,107.85266376,82
21.13121333,107.86992001,82
NaN,NaN,NaN
21.15312952,107.66835233,83
21.20961723,107.69038158,83
21.15758085,107.65623624,83
21.15312952,107.66835233,83
NaN,NaN,NaN
21.20657772,108.02206874,84
21.21468295,108.01689920,84
21.20854930,108.00585520,84
21.20657772,108.02206874,84
NaN,NaN,NaN
21.23658678,107.98000754,85
21.25126052,107.96590882,85
21.23549166,107.96003435,85
21.23658678,107.98000754,85
NaN,NaN,NaN
21.24726371,107.58427400,86
21.26197745,107.57436084,86
21.25889795,107.54866004,86
21.24726371,107.58427400,86
NaN,NaN,NaN
21.28319001,107.77262414,87
21.28934793,107.79465339,87
21.29037422,107.75940658,87
21.28319001,107.77262414,87
NaN,NaN,NaN
21.23939297,107.64228438,88
21.30816218,107.73370578,88
21.29379515,107.69001443,88
21.23939297,107.64228438,88
NaN,NaN,NaN
21.36698392,107.76491390,89
21.37074497,107.75500073,89
21.36117119,107.74582187,89
21.36698392,107.76491390,89
NaN,NaN,NaN
23.30280444,105.40452087,90
23.39357409,105.31737328,90
23.18164476,104.90238858,90
23.10390245,104.79912644,90
22.94947146,104.84535238,90
22.69840101,104.37297098,90
22.84586373,104.25006988,90
22.81246250,104.10510961,90
22.51657840,103.97826937,90
22.78704304,103.66156269,90
22.60679245,103.52132938,90
22.80955766,103.31413074,90
22.45502444,103.03523978,90
22.77803614,102.49573547,90
22.40191116,102.14367613,90
21.91057735,102.61287345,90
21.65452376,102.68481408,90
21.84559598,102.82548857,90
21.70840562,102.86784218,90
21.74025671,102.97322199,90
21.25705485,102.82145489,90
20.90750356,103.11137544,90
20.66332187,103.70410538,90
20.87105463,103.82936996,90
20.97334236,104.12086616,90
20.66332187,104.62901494,90
20.47670956,104.37848577,90
20.37715891,104.41223630,90
20.47260596,104.66686217,90
20.24239305,104.62904645,90
20.08572871,104.99812791,90
19.62990025,104.62719308,90
19.68090744,104.06340399,90
19.49302832,104.11510517,90
19.30623204,103.87585179,90
18.63222305,105.20539840,90
18.43824738,105.10794476,90
18.17993042,105.34199888,90
18.19382203,105.49779966,90
17.66757146,105.76200551,90
17.29052957,106.30403006,90
16.96768876,106.54857255,90
16.45355629,106.67639332,90
16.53300486,106.86723304,90
16.30535813,106.96504971,90
16.07535713,107.45816674,90
15.74514450,107.21160822,90
15.49846794,107.38757739,90
15.41536657,107.62707696,90
15.04459488,107.62689545,90
15.00875402,107.47974691,90
14.65183151,107.56304234,90
14.10823055,107.34169431,90
13.52860563,107.61818271,90
13.02258061,107.49144457,90
12.35459660,107.54475352,90
12.25119677,107.42327543,90
12.27894570,107.15414849,90
11.97275509,106.71045535,90
11.97404121,106.41029557,90
11.66316296,106.44571378,90
11.77671347,106.04032923,90
11.61921135,105.81040963,90
11.29306339,105.86738532,90
11.04375448,106.19108791,90
10.78859128,106.19406880,90
10.86505151,105.84872957,90
11.02940283,105.77662759,90
10.85891687,105.33398558,90
10.96377225,105.10084549,90
10.71719659,105.09051928,90
10.52594611,104.86947377,90
10.42471168,104.43585284,90
10.15063843,104.58141114,90
10.23153015,104.73331387,90
9.94958374,105.10439513,90
9.84944856,104.89722547,90
9.66785640,104.84365824,90
8.82160271,104.77653785,90
8.79704838,104.89787086,90
8.61969886,104.71361249,90
8.55620273,104.84656249,90
8.63050650,105.11560875,90
9.11740807,105.56574191,90
9.34117834,106.15478482,90
9.58736466,106.29293826,90
9.58438164,106.54605150,90
10.10649965,106.79412264,90
10.36949549,106.77853248,90
10.46946796,107.00829073,90
10.32727529,107.08670541,90
10.38007187,107.25693304,90
11.33558271,108.98995562,90
11.57300590,109.02209596,90
11.55987871,109.12861291,90
11.85975537,109.18215227,90
11.87127572,109.27797953,90
12.43907534,109.16646933,90
12.40157346,109.34007879,90
12.63321423,109.19214368,90
12.78673185,109.34233765,90
12.65326748,109.34040149,90
12.57076162,109.43269202,90
12.65610118,109.46302527,90
13.42114496,109.22390889,90
13.46920325,109.32727187,90
13.64958058,109.22340468,90
13.88079335,109.30398369,90
15.07856023,108.90186011,90
15.23958786,108.94477844,90
15.97265433,108.29161962,90
16.13687836,108.33145783,90
16.09401897,108.15127347,90
16.21273146,108.19290102,90
16.85864687,107.24063053,90
17.47048857,106.63983449,90
17.77419475,106.46134428,90
17.94191586,106.52521756,90
18.12387372,106.43292702,90
18.41436769,105.97179706,90
18.97950082,105.61528050,90
19.92440437,105.99116879,90
20.20643570,106.58537985,90
20.52867470,106.57491246,90
20.67841788,106.80975314,90
20.79677511,106.76992058,90
20.98049253,107.36488795,90
21.22556786,107.61749698,90
21.27772921,107.53278976,90
21.47044168,107.79699400,90
21.36556281,107.93668185,90
21.57246028,108.04110568,90
21.59407718,107.37422591,90
21.73682837,107.29903817,90
21.83436348,107.00084859,90
21.95693707,106.99933596,90
21.97373360,106.69979510,90
22.45176254,106.56521146,90
22.80374779,106.83729559,90
22.94807855,106.52184944,90
22.86169015,106.34285501,90
22.99908684,106.15895967,90
22.94174527,105.86433990,90
23.30280444,105.40452087,90
